rs10774624-rs3184504	chr12	111833788	111884608	skeletal
rs10774624-rs7137828	chr12	111833788	111932800	skeletal
rs11065979-rs3184504	chr12	112059557	111884608	skeletal
rs3184504-rs7137828	chr12	111884608	111932800	respiratory
rs1317286-rs8034191	chr15	78896129	78806023	respiratory
rs1317286-rs17486278	chr15	78896129	78867482	respiratory
rs1317286-rs12914385	chr15	78896129	78898723	respiratory
rs17486278-rs8042849	chr15	78867482	78817929	reproductive
rs17486278-rs951266	chr15	78867482	78878541	reproductive
rs11065979-rs653178	chr12	112059557	112007756	immune
rs3184504-rs653178	chr12	111884608	112007756	immune
rs951266-rs8034191	chr15	78878541	78806023	immune
rs951266-rs12914385	chr15	78878541	78898723	immune
rs653178-rs7137828	chr12	112007756	111932800	immune
rs8034191-rs8042849	chr15	78806023	78817929	immune
rs10757272-rs1556516	chr9	22088260	22100176	immune
rs10757272-rs1333042	chr9	22088260	22103813	immune
rs10774624-rs3184504	chr12	111833788	111884608	immune
rs10774624-rs7137828	chr12	111833788	111932800	immune
rs4713555-rs28383322	chr6	32575524	32592796	immune
rs10774625-rs3184504	chr12	111910219	111884608	immune
rs10774625-rs7137828	chr12	111910219	111932800	immune
rs597808-rs3184504	chr12	111973358	111884608	immune
rs597808-rs7137828	chr12	111973358	111932800	immune
rs597808-rs11065979	chr12	111973358	112059557	immune
rs11065979-rs3184504	chr12	112059557	111884608	immune
rs11065979-rs3184504	chr12	112059557	111884608	immune
rs11065979-rs7137828	chr12	112059557	111932800	immune
rs11065979-rs653178	chr12	112059557	112007756	kidney
rs11065979-rs653178	chr12	112059557	112007756	cardio
rs11065979-rs11513729	chr12	112059557	112273499	cardio
rs17630235-rs11513729	chr12	112591686	112273499	cardio
rs17630235-rs17696736	chr12	112591686	112486818	cardio
rs17630235-rs17696736	chr12	112591686	112486818	cardio
rs17630235-rs11066309	chr12	112591686	112883476	cardio
rs3184504-rs35350651	chr12	111884608	111907431	cardio
rs3184504-rs7137828	chr12	111884608	111932800	cardio
rs3184504-rs653178	chr12	111884608	112007756	cardio
rs3184504-rs653178	chr12	111884608	112007756	cardio
rs11513729-rs17696736	chr12	112273499	112486818	cardio
rs35350651-rs7137828	chr12	111907431	111932800	cardio
rs17696736-rs11066309	chr12	112486818	112883476	cardio
rs653178-rs7137828	chr12	112007756	111932800	cardio
rs653178-rs7137828	chr12	112007756	111932800	cardio
rs11065979-rs653178	chr12	112059557	112007756	cardio
rs3184504-rs653178	chr12	111884608	112007756	cardio
rs653178-rs7137828	chr12	112007756	111932800	cardio
rs56289821-rs6511720	chr19	11188247	11202306	cardio
rs10455872-rs55730499	chr6	161010118	161005610	cardio
rs10455872-rs55730499	chr6	161010118	161005610	cardio
rs10455872-rs55730499	chr6	161010118	161005610	cardio
rs2891168-rs1556516	chr9	22098619	22100176	cardio
rs2891168-rs1556516	chr9	22098619	22100176	cardio
rs2891168-rs1333042	chr9	22098619	22103813	cardio
rs2891168-rs1333042	chr9	22098619	22103813	cardio
rs10738607-rs1556516	chr9	22088094	22100176	cardio
rs10738607-rs1556516	chr9	22088094	22100176	cardio
rs10738607-rs1333042	chr9	22088094	22103813	cardio
rs10738607-rs1333042	chr9	22088094	22103813	cardio
rs11673093-rs74444983	chr19	45742094	45745607	cardio
rs4845625-rs6689306	chr1	154422067	154395946	cardio
rs17724992-rs113230003	chr19	18454825	18460956	cardio
rs10774625-rs3184504	chr12	111910219	111884608	cardio
rs10774625-rs7137828	chr12	111910219	111932800	cardio
rs602633-rs7528419	chr1	109821511	109817192	cardio
rs602633-rs7528419	chr1	109821511	109817192	cardio
rs602633-rs12740374	chr1	109821511	109817590	cardio
rs602633-rs646776	chr1	109821511	109818530	cardio
rs602633-rs646776	chr1	109821511	109818530	cardio
rs602633-rs599839	chr1	109821511	109822166	cardio
rs6475606-rs1556516	chr9	22081850	22100176	cardio
rs6475606-rs1333042	chr9	22081850	22103813	cardio
rs633185-rs604723	chr11	100593538	100610546	metabolic
rs12118721-rs6689306	chr1	154397416	154395946	metabolic
rs10757274-rs1556516	chr9	22096055	22100176	metabolic
rs10757274-rs1556516	chr9	22096055	22100176	metabolic
rs10757274-rs1333042	chr9	22096055	22103813	metabolic
rs10757274-rs1333042	chr9	22096055	22103813	endocrine
rs11065979-rs3184504	chr12	112059557	111884608	endocrine
rs11065979-rs7137828	chr12	112059557	111932800	endocrine
rs11065979-rs653178	chr12	112059557	112007756	cancer
rs11065979-rs653178	chr12	112059557	112007756	cancer
rs17630235-rs17696736	chr12	112591686	112486818	cancer
rs3184504-rs7137828	chr12	111884608	111932800	cancer
rs3184504-rs653178	chr12	111884608	112007756	cancer
rs3184504-rs653178	chr12	111884608	112007756	cancer
rs55791371-rs6511720	chr19	11188153	11202306	skeletal
rs55791371-rs6511720	chr19	11188153	11202306	respiratory
rs10757272-rs1556516	chr9	22088260	22100176	respiratory
rs10757272-rs1333042	chr9	22088260	22103813	respiratory
rs11513729-rs17696736	chr12	112273499	112486818	respiratory
rs4977574-rs1556516	chr9	22098574	22100176	respiratory
rs4977574-rs1556516	chr9	22098574	22100176	respiratory
rs4977574-rs1333042	chr9	22098574	22103813	respiratory
rs4977574-rs1333042	chr9	22098574	22103813	immune
rs17514846-rs2071382	chr15	91416550	91428197	immune
rs10757278-rs1556516	chr9	22124477	22100176	immune
rs10757278-rs1333042	chr9	22124477	22103813	immune
rs10757278-rs1333045	chr9	22124477	22119195	immune
rs1333042-rs1537370	chr9	22103813	22084310	immune
rs1333042-rs944797	chr9	22103813	22115286	immune
rs1333042-rs2383207	chr9	22103813	22115959	immune
rs17696736-rs11066309	chr12	112486818	112883476	kidney
rs653178-rs7137828	chr12	112007756	111932800	kidney
rs653178-rs7137828	chr12	112007756	111932800	cardio
rs1537370-rs1556516	chr9	22084310	22100176	cardio
rs2383207-rs1556516	chr9	22115959	22100176	cardio
rs2383207-rs1333045	chr9	22115959	22119195	cardio
rs944797-rs1556516	chr9	22115286	22100176	cardio
rs944797-rs1333045	chr9	22115286	22119195	cardio
rs11065979-rs3184504	chr12	112059557	111884608	cardio
rs11065979-rs3184504	chr12	112059557	111884608	cardio
rs11065979-rs3184504	chr12	112059557	111884608	cardio
rs11065979-rs653178	chr12	112059557	112007756	cardio
rs11065979-rs653178	chr12	112059557	112007756	cardio
rs3184504-rs7137828	chr12	111884608	111932800	cardio
rs3184504-rs7137828	chr12	111884608	111932800	cardio
rs3184504-rs7137828	chr12	111884608	111932800	cardio
rs3184504-rs653178	chr12	111884608	112007756	cardio
rs3184504-rs653178	chr12	111884608	112007756	cardio
rs653178-rs7137828	chr12	112007756	111932800	cardio
rs653178-rs7137828	chr12	112007756	111932800	cardio
rs11065979-rs7137828	chr12	112059557	111932800	cardio
rs3184504-rs7137828	chr12	111884608	111932800	cardio
rs17514846-rs11539637	chr15	91416550	91428290	metabolic
rs597808-rs3184504	chr12	111973358	111884608	metabolic
rs597808-rs7137828	chr12	111973358	111932800	metabolic
rs597808-rs11065979	chr12	111973358	112059557	metabolic
rs1317286-rs55853698	chr15	78896129	78857939	metabolic
rs1317286-rs1051730	chr15	78896129	78894339	metabolic
rs1317286-rs8040868	chr15	78896129	78911181	metabolic
rs11552449-rs7513707	chr1	114448389	114445880	nervous
rs11065979-rs3184504	chr12	112059557	111884608	nervous
rs11065979-rs3184504	chr12	112059557	111884608	nervous
rs11065979-rs7137828	chr12	112059557	111932800	cancer
rs11065979-rs11065987	chr12	112059557	112072424	cancer
rs11065979-rs11513729	chr12	112059557	112273499	cancer
rs3184504-rs7137828	chr12	111884608	111932800	cancer
rs11513729-rs11065987	chr12	112273499	112072424	cancer
rs951266-rs55853698	chr15	78878541	78857939	cancer
rs951266-rs1051730	chr15	78878541	78894339	cancer
rs951266-rs8040868	chr15	78878541	78911181	cancer
rs11065987-rs17696736	chr12	112072424	112486818	cancer
rs1051730-rs8042849	chr15	78894339	78817929	cancer
rs8042849-rs55853698	chr15	78817929	78857939	cancer
