rs6795735	chr3	64719689	64719690	Antagonistic
rs2030519	chr3	188402113	188402114	Antagonistic
rs2155219	chr11	76588150	76588151	Agonistic
rs6857	chr19	44888997	44888998	Antagonistic
rs1018326	chr2	181143073	181143074	Agonistic
rs10865331	chr2	62324337	62324338	Agonistic
rs11209026	chr1	67240275	67240276	Agonistic
rs1250550	chr10	79300560	79300561	Antagonistic
rs1801274	chr1	161509955	161509956	Antagonistic
rs2836883	chr21	39094818	39094819	Agonistic
rs6871626	chr5	159399784	159399785	Agonistic
rs7282490	chr21	44195858	44195859	Agonistic
rs7954567	chr12	6381959	6381960	Agonistic
rs13015714	chr2	102355405	102355406	Agonistic
rs4821544	chr22	36862461	36862462	Agonistic
rs7927894	chr11	76590272	76590273	Agonistic
rs17810546	chr3	159947262	159947263	Agonistic
rs7616215	chr3	46164194	46164195	Agonistic
rs10936599	chr3	169774313	169774314	Antagonistic
rs2294008	chr8	142680513	142680514	Antagonistic
rs907611	chr11	1852842	1852843	Agonistic
rs7107217	chr11	129603795	129603796	Agonistic
rs13003464	chr2	60959694	60959695	Agonistic
rs1464510	chr3	188394766	188394767	Antagonistic
rs1738074	chr6	159044945	159044946	Antagonistic
rs1893217	chr18	12809341	12809342	Agonistic
rs2187668	chr6	32638107	32638108	Agonistic
rs2327832	chr6	137651931	137651932	Agonistic
rs3184504	chr12	111446804	111446805	Antagonistic
rs653178	chr12	111569952	111569953	Agonistic
rs6974491	chr7	37334906	37334907	Agonistic
rs802734	chr6	127957653	127957654	Antagonistic
rs917997	chr2	102454108	102454109	Agonistic
rs56848936	chr19	45818249	45818250	Agonistic
rs10505477	chr8	127395198	127395199	Agonistic
rs174537	chr11	61785208	61785209	Antagonistic
rs6983267	chr8	127401060	127401061	Agonistic
rs7758229	chr6	160419220	160419221	Agonistic
rs671	chr12	111803962	111803963	Antagonistic
rs10051722	chr5	130768383	130768384	Antagonistic
rs10065637	chr5	56143024	56143025	Agonistic
rs10185424	chr2	102046427	102046428	Agonistic
rs1042058	chr10	30439172	30439173	Antagonistic
rs10486483	chr7	26852821	26852822	Agonistic
rs10495903	chr2	43579779	43579780	Agonistic
rs10758669	chr9	4981602	4981603	Agonistic
rs10761659	chr10	62685804	62685805	Antagonistic
rs10781499	chr9	136371953	136371954	Agonistic
rs10798069	chr1	186906327	186906328	Antagonistic
rs11190140	chr10	99531836	99531837	Agonistic
rs11229555	chr11	58641214	58641215	Antagonistic
rs11230563	chr11	61008737	61008738	Antagonistic
rs113653754	chr6	32658495	32658496	Antagonistic
rs11564258	chr12	40398498	40398499	Agonistic
rs11584383	chr1	200966738	200966739	Antagonistic
rs116392568	chr6	31306603	31306604	Agonistic
rs11641184	chr16	11610795	11610796	Agonistic
rs11741861	chr5	150898347	150898348	Agonistic
rs11742570	chr5	40410482	40410483	Antagonistic
rs11743851	chr5	131277907	131277908	Agonistic
rs11879191	chr19	10402235	10402236	Antagonistic
rs12103	chr1	1312114	1312115	Agonistic
rs12199775	chr6	143577757	143577758	Antagonistic
rs12422544	chr12	40134630	40134631	Agonistic
rs1250546	chr10	79272775	79272776	Antagonistic
rs12718244	chr7	50136058	50136059	Agonistic
rs12720356	chr19	10359299	10359300	Antagonistic
rs12722489	chr10	6060049	6060050	Agonistic
rs12722515	chr10	6039267	6039268	Antagonistic
rs1292053	chr17	59886176	59886177	Agonistic
rs12942547	chr17	42375526	42375527	Antagonistic
rs12946510	chr17	39756124	39756125	Agonistic
rs12994997	chr2	233264857	233264858	Agonistic
rs13126505	chr4	101944147	101944148	Agonistic
rs13204048	chr6	3420172	3420173	Antagonistic
rs13204742	chr6	127924620	127924621	Agonistic
rs13300218	chr9	136505189	136505190	Antagonistic
rs13407913	chr2	24874775	24874776	Agonistic
rs1363907	chr5	96917099	96917100	Agonistic
rs1456896	chr7	50264865	50264866	Antagonistic
rs1517352	chr2	191066738	191066739	Antagonistic
rs1569328	chr14	75275048	75275049	Antagonistic
rs16967103	chr15	38606989	38606990	Agonistic
rs17057051	chr8	27370037	27370038	Antagonistic
rs17119	chr6	14719265	14719266	Antagonistic
rs17293632	chr15	67150258	67150259	Agonistic
rs1736135	chr21	15432901	15432902	Agonistic
rs17391694	chr1	78157942	78157943	Antagonistic
rs17622378	chr5	132442760	132442761	Agonistic
rs17694108	chr19	33240645	33240646	Agonistic
rs181359	chr22	21574352	21574353	Agonistic
rs1819333	chr6	166960059	166960060	Antagonistic
rs1842076	chr5	40236916	40236917	Antagonistic
rs1847472	chr6	90263440	90263441	Antagonistic
rs194749	chr14	68807188	68807189	Agonistic
rs2024092	chr19	1124032	1124033	Agonistic
rs2073505	chr4	3442776	3442777	Agonistic
rs212388	chr6	159069404	159069405	Agonistic
rs2188962	chr5	132435113	132435114	Agonistic
rs2284553	chr21	33404389	33404390	Antagonistic
rs2382817	chr2	218286495	218286496	Agonistic
rs2413583	chr22	39263768	39263769	Antagonistic
rs2476601	chr1	113834946	113834947	Antagonistic
rs2488389	chr1	197662011	197662012	Agonistic
rs2538470	chr7	148523356	148523357	Agonistic
rs2542151	chr18	12779948	12779949	Agonistic
rs259964	chr20	59249254	59249255	Agonistic
rs2641348	chr1	119895261	119895262	Antagonistic
rs26528	chr16	28506388	28506389	Agonistic
rs2823286	chr21	15445619	15445620	Antagonistic
rs2836878	chr21	39093608	39093609	Antagonistic
rs2838519	chr21	44195140	44195141	Agonistic
rs2872507	chr17	39884510	39884511	Agonistic
rs2930047	chr5	10695414	10695415	Agonistic
rs2945412	chr17	27516617	27516618	Antagonistic
rs3024505	chr1	206766559	206766560	Antagonistic
rs3091315	chr17	34266646	34266647	Antagonistic
rs3091316	chr17	34266955	34266956	Agonistic
rs314313	chr7	100825743	100825744	Agonistic
rs3197999	chr3	49684099	49684100	Agonistic
rs34856868	chr1	92088726	92088727	Antagonistic
rs3742130	chr13	99255087	99255088	Antagonistic
rs3749171	chr2	240630275	240630276	Agonistic
rs3764147	chr13	43883789	43883790	Agonistic
rs3766606	chr1	7962137	7962138	Antagonistic
rs3853824	chr17	56803632	56803633	Antagonistic
rs395157	chr5	38867630	38867631	Agonistic
rs4077515	chr9	136372044	136372045	Agonistic
rs423674	chr16	11279548	11279549	Antagonistic
rs4243971	chr20	32261714	32261715	Antagonistic
rs4246905	chr9	114790969	114790970	Antagonistic
rs4256159	chr3	18725912	18725913	Agonistic
rs4409764	chr10	99524480	99524481	Agonistic
rs4613763	chr5	40392626	40392627	Agonistic
rs4656958	chr1	160887174	160887175	Antagonistic
rs4664304	chr2	159937497	159937498	Agonistic
rs4692386	chr4	26130739	26130740	Antagonistic
rs4703855	chr5	72398072	72398073	Antagonistic
rs4768236	chr12	40362670	40362671	Agonistic
rs4802307	chr19	46346549	46346550	Antagonistic
rs4845604	chr1	151829204	151829205	Antagonistic
rs4976646	chr5	177361569	177361570	Agonistic
rs516246	chr19	48702915	48702916	Agonistic
rs559928	chr11	64382898	64382899	Antagonistic
rs56167332	chr5	159400761	159400762	Agonistic
rs5763767	chr22	30097893	30097894	Agonistic
rs6062504	chr20	63717555	63717556	Antagonistic
rs6074022	chr20	46111557	46111558	Agonistic
rs6556412	chr5	159360377	159360378	Agonistic
rs6568421	chr6	105987150	105987151	Agonistic
rs6651252	chr8	128554935	128554936	Agonistic
rs6679677	chr1	113761186	113761187	Antagonistic
rs670523	chr1	155908941	155908942	Agonistic
rs6708413	chr2	102446909	102446910	Agonistic
rs6716753	chr2	230232414	230232415	Agonistic
rs6738825	chr2	198032171	198032172	Agonistic
rs6740462	chr2	65440138	65440139	Antagonistic
rs6856616	chr4	38323415	38323416	Agonistic
rs6908425	chr6	20728500	20728501	Antagonistic
rs694739	chr11	64329761	64329762	Agonistic
rs7015630	chr8	89863690	89863691	Antagonistic
rs7097656	chr10	80491075	80491076	Antagonistic
rs7134472	chr12	68106206	68106207	Agonistic
rs71559680	chr6	21430497	21430498	Antagonistic
rs7165170	chr15	90638257	90638258	Antagonistic
rs7236492	chr18	79460616	79460617	Antagonistic
rs727563	chr22	41471373	41471374	Agonistic
rs7329174	chr13	40983974	40983975	Agonistic
rs7438704	chr4	48361228	48361229	Antagonistic
rs744166	chr17	42362183	42362184	Antagonistic
rs7517810	chr1	172884320	172884321	Agonistic
rs7554511	chr1	200908434	200908435	Antagonistic
rs7555082	chr1	198629533	198629534	Agonistic
rs7556897	chr2	227795396	227795397	Agonistic
rs75900472	chr9	4981601	4981602	Agonistic
rs7608910	chr2	60977721	60977722	Agonistic
rs7657746	chr4	122240464	122240465	Antagonistic
rs7758080	chr6	149255943	149255944	Agonistic
rs7765379	chr6	32713151	32713152	Antagonistic
rs7773324	chr6	382559	382560	Antagonistic
rs780093	chr2	27519736	27519737	Antagonistic
rs8005161	chr14	88006251	88006252	Agonistic
rs864745	chr7	28140937	28140938	Agonistic
rs915286	chr13	40121855	40121856	Antagonistic
rs921720	chr8	125522429	125522430	Antagonistic
rs925255	chr2	28391927	28391928	Antagonistic
rs9271366	chr6	32619077	32619078	Antagonistic
rs9292777	chr5	40437846	40437847	Agonistic
rs9297145	chr7	99161494	99161495	Agonistic
rs9525625	chr13	42443894	42443895	Agonistic
rs9868809	chr3	48643620	48643621	Agonistic
rs9891119	chr17	42355962	42355963	Antagonistic
rs38904	chr7	117252792	117252793	Antagonistic
rs4430796	chr17	37738049	37738050	Antagonistic
rs167769	chr12	57109992	57109993	Agonistic
rs1260326	chr2	27508073	27508074	Antagonistic
rs8112449	chr19	10409388	10409389	Antagonistic
rs780094	chr2	27518370	27518371	Antagonistic
rs1077773	chr7	17403055	17403056	Agonistic
rs11054935	chr12	12495909	12495910	Agonistic
rs11064881	chr12	119709120	119709121	Agonistic
rs11083840	chr19	46616653	46616654	Agonistic
rs11150589	chr16	30471173	30471174	Agonistic
rs11168249	chr12	47814585	47814586	Agonistic
rs113010081	chr3	46415921	46415922	Antagonistic
rs11554257	chr9	114842790	114842791	Agonistic
rs11583043	chr1	101000498	101000499	Agonistic
rs1182188	chr7	2830351	2830352	Agonistic
rs12568930	chr1	22375738	22375739	Agonistic
rs1569723	chr20	46113425	46113426	Antagonistic
rs17085007	chr13	26957130	26957131	Agonistic
rs17229285	chr2	198658398	198658399	Agonistic
rs1734907	chr7	100717894	100717895	Agonistic
rs17771967	chr19	54868759	54868760	Agonistic
rs17780256	chr17	72646784	72646785	Agonistic
rs2111485	chr2	162254026	162254027	Antagonistic
rs2189234	chr4	105154341	105154342	Agonistic
rs254560	chr5	135107916	135107917	Agonistic
rs2651244	chr1	70529879	70529880	Agonistic
rs2816958	chr1	200132792	200132793	Agonistic
rs3116494	chr2	203727298	203727299	Agonistic
rs35675666	chr1	7961913	7961914	Agonistic
rs4380874	chr7	107839870	107839871	Agonistic
rs4728142	chr7	128933913	128933914	Agonistic
rs4743820	chr9	91166134	91166135	Agonistic
rs4812833	chr20	44440356	44440357	Agonistic
rs483905	chr11	96290263	96290264	Agonistic
rs561722	chr11	114516108	114516109	Agonistic
rs564349	chr5	172897975	172897976	Agonistic
rs6025	chr1	169549811	169549812	Antagonistic
rs630923	chr11	118883644	118883645	Agonistic
rs6426833	chr1	19845367	19845368	Agonistic
rs6667605	chr1	2571341	2571342	Agonistic
rs6920220	chr6	137685367	137685368	Agonistic
rs7011507	chr8	48216682	48216683	Agonistic
rs7134599	chr12	68106295	68106296	Agonistic
rs7240004	chr18	48868651	48868652	Agonistic
rs727088	chr18	69863203	69863204	Agonistic
rs7404095	chr16	23853269	23853270	Agonistic
rs913678	chr20	50338887	50338888	Agonistic
rs941823	chr13	40439840	40439841	Agonistic
rs663743	chr11	64340263	64340264	Antagonistic
rs681343	chr19	48703205	48703206	Agonistic
rs228614	chr4	102657480	102657481	Agonistic
rs1561927	chr8	128555832	128555833	Antagonistic
rs1893592	chr21	42434957	42434958	Agonistic
rs11651052	chr17	37742390	37742391	Antagonistic
rs2796441	chr9	81694033	81694034	Agonistic
rs10758593	chr9	4292083	4292084	Agonistic
rs7202877	chr16	75213347	75213348	Antagonistic
