rs3019885	chr8	117013406	117013407	Agonistic
rs907092	chr17	39766006	39766007	Antagonistic
rs6010620	chr20	63678486	63678487	Agonistic
rs1126809	chr11	89284793	89284794	Antagonistic
rs12203592	chr6	396321	396322	Antagonistic
rs1805007	chr16	89919709	89919710	Agonistic
rs35407	chr5	33946466	33946467	Agonistic
rs401681	chr5	1321972	1321973	Antagonistic
rs6059655	chr20	34077942	34077943	Antagonistic
rs78378222	chr17	7668434	7668435	Agonistic
rs10936599	chr3	169774313	169774314	Antagonistic
rs2294008	chr8	142680513	142680514	Antagonistic
rs710521	chr3	189928144	189928145	Agonistic
rs798766	chr4	1732512	1732513	Agonistic
rs907611	chr11	1852842	1852843	Agonistic
rs9642880	chr8	127705823	127705824	Agonistic
rs10069690	chr5	1279675	1279676	Agonistic
rs1011970	chr9	22062135	22062136	Agonistic
rs10771399	chr12	28002147	28002148	Antagonistic
rs11076805	chr16	4056787	4056788	Agonistic
rs113701136	chr19	29786822	29786823	Agonistic
rs11374964	chr11	108474789	108474790	Agonistic
rs11627032	chr14	92637727	92637728	Agonistic
rs11820646	chr11	129591276	129591277	Agonistic
rs12710696	chr2	19121042	19121043	Agonistic
rs13074711	chr3	172550013	172550014	Agonistic
rs13281615	chr8	127343372	127343373	Agonistic
rs13365225	chr8	37000965	37000966	Agonistic
rs1432679	chr5	158817075	158817076	Agonistic
rs16857609	chr2	217431785	217431786	Agonistic
rs17350191	chr8	123745421	123745422	Agonistic
rs17356907	chr12	95633983	95633984	Agonistic
rs17529111	chr6	81418669	81418670	Agonistic
rs17817449	chr16	53779455	53779456	Agonistic
rs17879961	chr22	28725099	28725100	Antagonistic
rs2363956	chr19	17283315	17283316	Antagonistic
rs2943559	chr8	75505702	75505703	Agonistic
rs2981579	chr10	121577821	121577822	Agonistic
rs36194942	chr18	27821241	27821242	Agonistic
rs3757318	chr6	151592978	151592979	Agonistic
rs3760982	chr19	43782361	43782362	Agonistic
rs4784227	chr16	52565276	52565277	Agonistic
rs4808801	chr19	18460331	18460332	Agonistic
rs4849887	chr2	120487546	120487547	Agonistic
rs6001930	chr22	40480230	40480231	Agonistic
rs616488	chr1	10506158	10506159	Agonistic
rs6569648	chr6	130027974	130027975	Agonistic
rs66823261	chr8	220692	220693	Agonistic
rs7107217	chr11	129603795	129603796	Agonistic
rs74911261	chr11	108486410	108486411	Antagonistic
rs7904519	chr10	113014168	113014169	Agonistic
rs8170	chr19	17278895	17278896	Agonistic
rs999737	chr14	68567965	68567966	Agonistic
rs4245739	chr1	204549714	204549715	Antagonistic
rs10074991	chr5	40790449	40790450	Agonistic
rs140081212	chr1	155215184	155215185	Agonistic
rs13361707	chr5	40791782	40791783	Agonistic
rs2294693	chr6	41037763	41037764	Agonistic
rs4072037	chr1	155192276	155192277	Agonistic
rs3184504	chr12	111446804	111446805	Antagonistic
rs6974491	chr7	37334906	37334907	Agonistic
rs8067378	chr17	39895095	39895096	Agonistic
rs2395185	chr6	32465390	32465391	Antagonistic
rs10028805	chr4	101816093	101816094	Agonistic
rs139996880	chr5	1284538	1284539	Agonistic
rs140522	chr22	50532837	50532838	Agonistic
rs735665	chr11	123490689	123490690	Agonistic
rs7705526	chr5	1285859	1285860	Agonistic
rs9880772	chr3	27736288	27736289	Agonistic
rs2076295	chr6	7562999	7563000	Antagonistic
rs8034191	chr15	78513681	78513682	Agonistic
rs56848936	chr19	45818249	45818250	Agonistic
rs10505477	chr8	127395198	127395199	Agonistic
rs6983267	chr8	127401060	127401061	Agonistic
rs11066015	chr12	111730205	111730206	Agonistic
rs11066280	chr12	112379979	112379980	Agonistic
rs671	chr12	111803962	111803963	Antagonistic
rs17391694	chr1	78157942	78157943	Antagonistic
rs2476601	chr1	113834946	113834947	Antagonistic
rs694739	chr11	64329761	64329762	Agonistic
rs11175834	chr12	65598856	65598857	Agonistic
rs1874564	chr4	76936952	76936953	Agonistic
rs34081947	chr14	36090325	36090326	Agonistic
rs4649295	chr1	233280792	233280793	Agonistic
rs4915076	chr1	107816883	107816884	Agonistic
rs6996585	chr8	32543285	32543286	Agonistic
rs72753537	chr9	97898464	97898465	Agonistic
rs9858271	chr3	59559604	59559605	Agonistic
rs7902587	chr10	103934543	103934544	Agonistic
rs10488631	chr7	128954129	128954130	Agonistic
rs7574865	chr2	191099907	191099908	Agonistic
rs11263763	chr17	37743574	37743575	Agonistic
rs11841589	chr13	73240754	73240755	Agonistic
rs13328298	chr6	125695434	125695435	Agonistic
rs2414098	chr15	51245609	51245610	Agonistic
rs2498796	chr14	104776883	104776884	Agonistic
rs4430796	chr17	37738049	37738050	Antagonistic
rs937213	chr15	40029923	40029924	Agonistic
rs10088218	chr8	128531703	128531704	Antagonistic
rs2072590	chr2	176177905	176177906	Agonistic
rs3814113	chr9	16915023	16915024	Antagonistic
rs757210	chr17	37736525	37736526	Antagonistic
rs9303542	chr17	48334138	48334139	Agonistic
rs10052657	chr5	59111944	59111945	Agonistic
rs1229984	chr4	99318162	99318163	Agonistic
rs2014300	chr21	34985564	34985565	Agonistic
rs2274223	chr10	94306584	94306585	Agonistic
rs2239815	chr22	28796682	28796683	Agonistic
rs13016963	chr2	201298088	201298089	Agonistic
rs2647012	chr6	32696681	32696682	Antagonistic
rs4937362	chr11	128622844	128622845	Agonistic
rs4977756	chr9	22068653	22068654	Antagonistic
rs10852606	chr16	50094961	50094962	Agonistic
rs11233250	chr11	82685972	82685973	Agonistic
rs11979158	chr7	55091656	55091657	Agonistic
rs12752552	chr1	64763616	64763617	Agonistic
rs2235573	chr22	38081923	38081924	Agonistic
rs2297440	chr20	63680946	63680947	Agonistic
rs35850753	chr17	7675353	7675354	Agonistic
rs3751667	chr16	954554	954555	Agonistic
rs3851634	chr12	106419124	106419125	Agonistic
rs55705857	chr8	129633446	129633447	Agonistic
rs59060240	chr7	55080382	55080383	Agonistic
rs634537	chr9	22032153	22032154	Agonistic
rs75061358	chr7	54848587	54848588	Agonistic
rs2736100	chr5	1286401	1286402	Antagonistic
rs9275572	chr6	32711222	32711223	Agonistic
rs2019960	chr8	128180025	128180026	Agonistic
rs2425752	chr20	46073481	46073482	Agonistic
rs34972832	chr16	11105081	11105082	Agonistic
rs3781093	chr10	8059964	8059965	Agonistic
rs3806624	chr3	27723132	27723133	Agonistic
rs4459895	chr3	188236626	188236627	Agonistic
rs6928977	chr6	135305210	135305211	Agonistic
rs9482849	chr6	127967391	127967392	Agonistic
rs4487645	chr7	21898622	21898623	Agonistic
rs1333040	chr9	22083405	22083406	Antagonistic
rs538147	chr11	64362250	64362251	Antagonistic
rs1039766	chr2	65293011	65293012	Agonistic
rs1051730	chr15	78601997	78601998	Agonistic
rs11639372	chr15	78674313	78674314	Agonistic
rs13080835	chr3	189639410	189639411	Agonistic
rs138488080	chr6	29638984	29638985	Antagonistic
rs17181550	chr17	72303817	72303818	Agonistic
rs28408315	chr15	78892838	78892839	Agonistic
rs2853677	chr5	1287079	1287080	Agonistic
rs3117582	chr6	31652743	31652744	Agonistic
rs34517439	chr1	77984833	77984834	Agonistic
rs35535570	chr1	77794071	77794072	Agonistic
rs55864010	chr2	67474157	67474158	Agonistic
rs56113850	chr19	40847202	40847203	Agonistic
rs62560775	chr9	22052069	22052070	Agonistic
rs66500423	chr19	40689265	40689266	Agonistic
rs681343	chr19	48703205	48703206	Agonistic
rs71641308	chr1	77621033	77621034	Agonistic
rs7169304	chr15	49186829	49186830	Agonistic
rs7216064	chr17	67902693	67902694	Agonistic
rs77468143	chr15	49084427	49084428	Agonistic
rs116418332	chr6	30193759	30193760	Agonistic
rs116480994	chr6	30064745	30064746	Agonistic
rs116822326	chr6	31466334	31466335	Agonistic
rs117534741	chr6	71674838	71674839	Agonistic
rs139789464	chr6	31657087	31657088	Agonistic
rs142618987	chr6	30540143	30540144	Agonistic
rs144433536	chr6	32067917	32067918	Agonistic
rs147680653	chr6	29785031	29785032	Agonistic
rs148696809	chr6	28966575	28966576	Agonistic
rs35028925	chr15	43638408	43638409	Agonistic
rs35768595	chr6	27174125	27174126	Agonistic
rs35789010	chr6	25513951	25513952	Agonistic
rs56404467	chr13	32265853	32265854	Agonistic
rs72949976	chr2	213169380	213169381	Agonistic
rs74942078	chr6	32638107	32638108	Agonistic
rs1393350	chr11	89277878	89277879	Antagonistic
rs7577599	chr2	25390277	25390278	Agonistic
rs8058578	chr16	30714927	30714928	Agonistic
rs9372120	chr6	106219660	106219661	Agonistic
rs139371	chr22	39123191	39123192	Antagonistic
rs6601327	chr8	9538022	9538023	Agonistic
rs1800693	chr12	6330843	6330844	Agonistic
rs2293370	chr3	119501087	119501088	Agonistic
rs2300747	chr1	116561593	116561594	Agonistic
rs2546890	chr5	159332892	159332893	Agonistic
rs6897932	chr5	35874473	35874474	Antagonistic
rs7665090	chr4	102630446	102630447	Agonistic
rs1561927	chr8	128555832	128555833	Antagonistic
rs12531711	chr7	128977412	128977413	Antagonistic
rs2304256	chr19	10364976	10364977	Agonistic
rs7404928	chr16	23877519	23877520	Agonistic
rs7774434	chr6	32689801	32689802	Agonistic
rs911263	chr14	68286876	68286877	Antagonistic
rs11065979	chr12	111621753	111621754	Agonistic
rs103294	chr19	54293995	54293996	Antagonistic
rs1048169	chr9	19055967	19055968	Agonistic
rs10793821	chr5	134500518	134500519	Agonistic
rs10845938	chr12	14263984	14263985	Agonistic
rs10993994	chr10	46046326	46046327	Agonistic
rs111599055	chr12	132563775	132563776	Agonistic
rs11651052	chr17	37742390	37742391	Agonistic
rs11666569	chr19	17103263	17103264	Agonistic
rs11691517	chr2	111135519	111135520	Agonistic
rs1182	chr9	129813781	129813782	Agonistic
rs11859370	chr16	57619621	57619622	Agonistic
rs11863709	chr16	57620664	57620665	Agonistic
rs141536087	chr10	808752	808753	Agonistic
rs17321482	chrX	11464514	11464515	Agonistic
rs201158093	chr16	82145289	82145290	Agonistic
rs2788524	chrX	11321091	11321092	Agonistic
rs28607662	chr18	55563628	55563629	Agonistic
rs34579442	chr1	153927425	153927426	Agonistic
rs56366063	chr2	111146954	111146955	Agonistic
rs5799921	chr12	89766754	89766755	Agonistic
rs6091758	chr20	53838666	53838667	Agonistic
rs61088131	chr19	42196795	42196796	Agonistic
rs7127900	chr11	2212344	2212345	Agonistic
rs7295014	chr12	132491403	132491404	Agonistic
rs7501939	chr17	37741165	37741166	Antagonistic
rs7931342	chr11	69227030	69227031	Agonistic
rs9469899	chr6	34825347	34825348	Agonistic
rs67682613	chr6	31858928	31858929	Antagonistic
rs3813565	chr15	78727268	78727269	Agonistic
rs4268748	chr16	89960104	89960105	Antagonistic
