rs2395029	chr6	31464003	31464004	Agonistic
rs2030519	chr3	188402113	188402114	Antagonistic
rs2155219	chr11	76588150	76588151	Agonistic
rs1018326	chr2	181143073	181143074	Agonistic
rs10865331	chr2	62324337	62324338	Agonistic
rs11209026	chr1	67240275	67240276	Agonistic
rs1250550	chr10	79300560	79300561	Antagonistic
rs1801274	chr1	161509955	161509956	Antagonistic
rs2310173	chr2	102047167	102047168	Agonistic
rs2836883	chr21	39094818	39094819	Agonistic
rs2910686	chr5	96916885	96916886	Agonistic
rs4129267	chr1	154453788	154453789	Antagonistic
rs6871626	chr5	159399784	159399785	Agonistic
rs7282490	chr21	44195858	44195859	Agonistic
rs7954567	chr12	6381959	6381960	Agonistic
rs1295686	chr5	132660151	132660152	Agonistic
rs1701704	chr12	56018703	56018704	Antagonistic
rs2305480	chr17	39905943	39905944	Antagonistic
rs13015714	chr2	102355405	102355406	Agonistic
rs2228145	chr1	154454494	154454495	Antagonistic
rs4821544	chr22	36862461	36862462	Agonistic
rs6010620	chr20	63678486	63678487	Agonistic
rs7927894	chr11	76590272	76590273	Agonistic
rs1126809	chr11	89284793	89284794	Antagonistic
rs12203592	chr6	396321	396322	Antagonistic
rs6059655	chr20	34077942	34077943	Antagonistic
rs907611	chr11	1852842	1852843	Agonistic
rs13003464	chr2	60959694	60959695	Agonistic
rs1464510	chr3	188394766	188394767	Antagonistic
rs1893217	chr18	12809341	12809342	Agonistic
rs2187668	chr6	32638107	32638108	Agonistic
rs2327832	chr6	137651931	137651932	Agonistic
rs3184504	chr12	111446804	111446805	Antagonistic
rs653178	chr12	111569952	111569953	Agonistic
rs10028805	chr4	101816093	101816094	Agonistic
rs10774625	chr12	111472415	111472416	Agonistic
rs10185424	chr2	102046427	102046428	Agonistic
rs10758669	chr9	4981602	4981603	Agonistic
rs10761659	chr10	62685804	62685805	Antagonistic
rs10781499	chr9	136371953	136371954	Agonistic
rs11190140	chr10	99531836	99531837	Agonistic
rs11229555	chr11	58641214	58641215	Antagonistic
rs11230563	chr11	61008737	61008738	Antagonistic
rs113653754	chr6	32658495	32658496	Antagonistic
rs11584383	chr1	200966738	200966739	Antagonistic
rs11641184	chr16	11610795	11610796	Agonistic
rs11741861	chr5	150898347	150898348	Agonistic
rs11742570	chr5	40410482	40410483	Antagonistic
rs12103	chr1	1312114	1312115	Agonistic
rs12422544	chr12	40134630	40134631	Agonistic
rs1250546	chr10	79272775	79272776	Antagonistic
rs12718244	chr7	50136058	50136059	Agonistic
rs12720356	chr19	10359299	10359300	Antagonistic
rs12942547	chr17	42375526	42375527	Antagonistic
rs12946510	chr17	39756124	39756125	Agonistic
rs13300218	chr9	136505189	136505190	Antagonistic
rs13407913	chr2	24874775	24874776	Agonistic
rs1363907	chr5	96917099	96917100	Agonistic
rs1517352	chr2	191066738	191066739	Antagonistic
rs17293632	chr15	67150258	67150259	Agonistic
rs1736135	chr21	15432901	15432902	Agonistic
rs17622378	chr5	132442760	132442761	Agonistic
rs17694108	chr19	33240645	33240646	Agonistic
rs181359	chr22	21574352	21574353	Agonistic
rs2382817	chr2	218286495	218286496	Agonistic
rs2413583	chr22	39263768	39263769	Antagonistic
rs2476601	chr1	113834946	113834947	Antagonistic
rs2488389	chr1	197662011	197662012	Agonistic
rs2538470	chr7	148523356	148523357	Agonistic
rs2542151	chr18	12779948	12779949	Agonistic
rs259964	chr20	59249254	59249255	Agonistic
rs26528	chr16	28506388	28506389	Agonistic
rs2823286	chr21	15445619	15445620	Antagonistic
rs2836878	chr21	39093608	39093609	Antagonistic
rs2838519	chr21	44195140	44195141	Agonistic
rs2872507	chr17	39884510	39884511	Agonistic
rs2930047	chr5	10695414	10695415	Agonistic
rs3024505	chr1	206766559	206766560	Antagonistic
rs314313	chr7	100825743	100825744	Agonistic
rs3197999	chr3	49684099	49684100	Agonistic
rs3742130	chr13	99255087	99255088	Antagonistic
rs3749171	chr2	240630275	240630276	Agonistic
rs3766606	chr1	7962137	7962138	Antagonistic
rs395157	chr5	38867630	38867631	Agonistic
rs4077515	chr9	136372044	136372045	Agonistic
rs4246905	chr9	114790969	114790970	Antagonistic
rs4409764	chr10	99524480	99524481	Agonistic
rs4656958	chr1	160887174	160887175	Antagonistic
rs4703855	chr5	72398072	72398073	Antagonistic
rs4845604	chr1	151829204	151829205	Antagonistic
rs4976646	chr5	177361569	177361570	Agonistic
rs516246	chr19	48702915	48702916	Agonistic
rs559928	chr11	64382898	64382899	Antagonistic
rs56167332	chr5	159400761	159400762	Agonistic
rs5763767	chr22	30097893	30097894	Agonistic
rs6062504	chr20	63717555	63717556	Antagonistic
rs6679677	chr1	113761186	113761187	Antagonistic
rs6738825	chr2	198032171	198032172	Agonistic
rs6908425	chr6	20728500	20728501	Antagonistic
rs694739	chr11	64329761	64329762	Agonistic
rs7134472	chr12	68106206	68106207	Agonistic
rs7329174	chr13	40983974	40983975	Agonistic
rs7554511	chr1	200908434	200908435	Antagonistic
rs7556897	chr2	227795396	227795397	Agonistic
rs75900472	chr9	4981601	4981602	Agonistic
rs7608910	chr2	60977721	60977722	Agonistic
rs7657746	chr4	122240464	122240465	Antagonistic
rs8005161	chr14	88006251	88006252	Agonistic
rs9271366	chr6	32619077	32619078	Antagonistic
rs9297145	chr7	99161494	99161495	Agonistic
rs9868809	chr3	48643620	48643621	Agonistic
rs7524102	chr1	22371954	22371955	Antagonistic
rs2647012	chr6	32696681	32696682	Antagonistic
rs1534422	chr2	12500615	12500616	Agonistic
rs3761959	chr1	157699488	157699489	Antagonistic
rs4409785	chr11	95578258	95578259	Agonistic
rs6457617	chr6	32696074	32696075	Agonistic
rs706779	chr10	6056861	6056862	Agonistic
rs72928038	chr6	90267049	90267050	Agonistic
rs9275572	chr6	32711222	32711223	Agonistic
rs11574637	chr16	31357553	31357554	Antagonistic
rs6677604	chr1	196717788	196717789	Antagonistic
rs1077773	chr7	17403055	17403056	Agonistic
rs11054935	chr12	12495909	12495910	Agonistic
rs11064881	chr12	119709120	119709121	Agonistic
rs11083840	chr19	46616653	46616654	Agonistic
rs11150589	chr16	30471173	30471174	Agonistic
rs11168249	chr12	47814585	47814586	Agonistic
rs113010081	chr3	46415921	46415922	Antagonistic
rs11554257	chr9	114842790	114842791	Agonistic
rs11583043	chr1	101000498	101000499	Agonistic
rs1182188	chr7	2830351	2830352	Agonistic
rs12568930	chr1	22375738	22375739	Agonistic
rs1569723	chr20	46113425	46113426	Antagonistic
rs17085007	chr13	26957130	26957131	Agonistic
rs17229285	chr2	198658398	198658399	Agonistic
rs17771967	chr19	54868759	54868760	Agonistic
rs17780256	chr17	72646784	72646785	Agonistic
rs2111485	chr2	162254026	162254027	Antagonistic
rs2189234	chr4	105154341	105154342	Agonistic
rs254560	chr5	135107916	135107917	Agonistic
rs2651244	chr1	70529879	70529880	Agonistic
rs2816958	chr1	200132792	200132793	Agonistic
rs3116494	chr2	203727298	203727299	Agonistic
rs35675666	chr1	7961913	7961914	Agonistic
rs4380874	chr7	107839870	107839871	Agonistic
rs4728142	chr7	128933913	128933914	Agonistic
rs4743820	chr9	91166134	91166135	Agonistic
rs4812833	chr20	44440356	44440357	Agonistic
rs483905	chr11	96290263	96290264	Agonistic
rs561722	chr11	114516108	114516109	Agonistic
rs564349	chr5	172897975	172897976	Agonistic
rs6426833	chr1	19845367	19845368	Agonistic
rs6667605	chr1	2571341	2571342	Agonistic
rs6920220	chr6	137685367	137685368	Agonistic
rs7011507	chr8	48216682	48216683	Agonistic
rs7134599	chr12	68106295	68106296	Agonistic
rs7240004	chr18	48868651	48868652	Agonistic
rs727088	chr18	69863203	69863204	Agonistic
rs7404095	chr16	23853269	23853270	Agonistic
rs913678	chr20	50338887	50338888	Agonistic
rs941823	chr13	40439840	40439841	Agonistic
rs17696736	chr12	112049014	112049015	Agonistic
rs2254546	chr8	11486171	11486172	Agonistic
rs2736340	chr8	11486464	11486465	Agonistic
rs2395185	chr6	32465390	32465391	Antagonistic
rs34517439	chr1	77984833	77984834	Agonistic
rs35789010	chr6	25513951	25513952	Agonistic
rs1393350	chr11	89277878	89277879	Antagonistic
rs6601327	chr8	9538022	9538023	Agonistic
rs8058578	chr16	30714927	30714928	Agonistic
rs11154801	chr6	135418217	135418218	Agonistic
rs12927355	chr16	11100914	11100915	Agonistic
rs223889	chr16	57358329	57358330	Agonistic
rs2546890	chr5	159332892	159332893	Agonistic
rs4810485	chr20	46119308	46119309	Agonistic
rs6897932	chr5	35874473	35874474	Antagonistic
rs7200786	chr16	11083944	11083945	Agonistic
rs1150757	chr6	32061428	32061429	Agonistic
rs10488631	chr7	128954129	128954130	Agonistic
rs11065979	chr12	111621753	111621754	Agonistic
rs12531711	chr7	128977412	128977413	Antagonistic
rs2304256	chr19	10364976	10364977	Agonistic
rs7574865	chr2	191099907	191099908	Agonistic
rs911263	chr14	68286876	68286877	Antagonistic
rs12191877	chr6	31285148	31285149	Agonistic
rs2201841	chr1	67228519	67228520	Agonistic
rs2451258	chr6	159085568	159085569	Antagonistic
rs33980500	chr6	111592059	111592060	Agonistic
rs4683946	chr3	101896982	101896983	Agonistic
rs4795067	chr17	27779649	27779650	Agonistic
rs13017599	chr2	60937196	60937197	Antagonistic
rs10774624	chr12	111395984	111395985	Agonistic
rs10795791	chr10	6066377	6066378	Agonistic
rs11203203	chr21	42416077	42416078	Agonistic
rs11889341	chr2	191079016	191079017	Agonistic
rs2230926	chr6	137874929	137874930	Agonistic
rs3087243	chr2	203874196	203874197	Agonistic
rs35677470	chr3	58197909	58197910	Agonistic
rs58721818	chr6	137922602	137922603	Agonistic
rs71508903	chr10	62020112	62020113	Agonistic
rs743777	chr22	37155567	37155568	Agonistic
rs7579944	chr2	30222160	30222161	Agonistic
rs947474	chr10	6348488	6348489	Antagonistic
rs9653442	chr2	100208905	100208906	Agonistic
rs1150754	chr6	32082981	32082982	Antagonistic
rs4268748	chr16	89960104	89960105	Antagonistic
rs1990760	chr2	162267541	162267542	Antagonistic
rs229541	chr22	37195278	37195279	Agonistic
rs3024493	chr1	206770623	206770624	Agonistic
rs61839660	chr10	6052734	6052735	Antagonistic
rs77583790	chr3	159976265	159976266	Agonistic
rs9373839	chr6	106207742	106207743	Agonistic
rs10758593	chr9	4292083	4292084	Agonistic
rs17388568	chr4	122408207	122408208	Agonistic
rs3757247	chr6	90247744	90247745	Agonistic
rs7202877	chr16	75213347	75213348	Antagonistic
